{
  "timestamp": "2026-06-25 13:31:57",
  "image_size": {
    "width": 2560,
    "height": 1440
  },
  "chessboard": {
    "width": 9,
    "height": 9,
    "square_size_cm": 2.0
  },
  "camera_matrix": {
    "fx": 1997.5587249126995,
    "fy": 2004.3731241586665,
    "cx": 1203.9179180060676,
    "cy": 784.2229843645761,
    "data": [
      [
        1997.5587249126995,
        0.0,
        1203.9179180060676
      ],
      [
        0.0,
        2004.3731241586665,
        784.2229843645761
      ],
      [
        0.0,
        0.0,
        1.0
      ]
    ]
  },
  "distortion_coeffs": {
    "k1": 0.08367392938135465,
    "k2": -0.1564921260177817,
    "p1": 0.0032120024917927253,
    "p2": -0.008345476729891107,
    "k3": 0.11271414400782927,
    "data": [
      0.08367392938135465,
      -0.1564921260177817,
      0.0032120024917927253,
      -0.008345476729891107,
      0.11271414400782927
    ]
  },
  "reprojection_error": 0.1634033332554029,
  "per_image_errors": [
    0.16089082874074165,
    0.2119119980122991,
    0.22517478200960864,
    0.22333278268249174,
    0.19639624093472793,
    0.17659903433278845,
    0.14791743720932182,
    0.1549072179076332,
    0.14536185492120013,
    0.16189203786644624,
    0.14765825416395637,
    0.20877745983470533,
    0.13247925406848648,
    0.15764810539920285,
    0.1770365522279406,
    0.18948290467754564,
    0.19123906162353976,
    0.14806866385618467,
    0.12675316426089037,
    0.14956371319638084,
    0.13552264847649162,
    0.1351498588033173,
    0.13220857441542067,
    0.15651829833106998,
    0.1483452127023666,
    0.13156532162173293,
    0.13948873561938724
  ],
  "num_images": 27
}